{
    "generated_utc": "2026-06-19T21:02:13.906810+00:00",
    "raw_indicators": {
        "SPX": {
            "current": 7497.8599,
            "prev": 7489.8799,
            "delta": 7.98,
            "delta_pct": 0.107,
            "mean_60d": 7436.1638,
            "std_60d": 91.0838,
            "z_score": 0.226,
            "momentum": "up",
            "ema_20": 7491.7631111111095
        },
        "NDX": {
            "current": 30393.7793,
            "prev": 30370.9336,
            "delta": 22.8457,
            "delta_pct": 0.075,
            "mean_60d": 29650.5207,
            "std_60d": 658.5869,
            "z_score": 0.039,
            "momentum": "up"
        },
        "DAX": {
            "current": 25019.0293,
            "prev": 25031.0898,
            "delta": -12.0605,
            "delta_pct": -0.048,
            "mean_60d": 24843.6718,
            "std_60d": 255.488,
            "z_score": -0.257,
            "momentum": "up"
        },
        "FTSE": {
            "current": 10356.9004,
            "prev": 10355.8701,
            "delta": 1.0303,
            "delta_pct": 0.01,
            "mean_60d": 10433.3306,
            "std_60d": 56.3035,
            "z_score": 0.025,
            "momentum": "down"
        },
        "N225": {
            "current": 70954.3125,
            "prev": 70811.1875,
            "delta": 143.125,
            "delta_pct": 0.202,
            "mean_60d": 68003.8512,
            "std_60d": 2743.1039,
            "z_score": 0.045,
            "momentum": "up"
        },
        "HSI": {
            "current": 23924.8105,
            "prev": 23800.25,
            "delta": 124.5605,
            "delta_pct": 0.523,
            "mean_60d": 24432.2719,
            "std_60d": 295.3461,
            "z_score": 1.242,
            "momentum": "down"
        },
        "SHANGHAI": {
            "current": 4097.9121,
            "prev": 4097.6094,
            "delta": 0.3027,
            "delta_pct": 0.007,
            "mean_60d": 4038.0345,
            "std_60d": 52.0914,
            "z_score": -0.023,
            "momentum": "up"
        },
        "KOSPI": {
            "current": 9060.8301,
            "prev": 8910.9502,
            "delta": 149.8799,
            "delta_pct": 1.682,
            "mean_60d": 8342.4432,
            "std_60d": 538.8488,
            "z_score": 0.764,
            "momentum": "up"
        },
        "TASI": {
            "current": 11109.0703,
            "prev": 11117.6299,
            "delta": -8.5596,
            "delta_pct": -0.077,
            "mean_60d": 11053.5955,
            "std_60d": 69.923,
            "z_score": -0.397,
            "momentum": "up"
        },
        "DFM": {
            "current": 6269.5098,
            "prev": 6232.4102,
            "delta": 37.0996,
            "delta_pct": 0.595,
            "mean_60d": 5842.0315,
            "std_60d": 169.5452,
            "z_score": 0.446,
            "momentum": "up"
        },
        "ES": {
            "current": 7536.75,
            "prev": 7546.25,
            "delta": -9.5,
            "delta_pct": -0.126,
            "mean_60d": 7572.5958,
            "std_60d": 27.6932,
            "z_score": -0.635,
            "momentum": "down"
        },
        "NQ": {
            "current": 30506.5,
            "prev": 30593.75,
            "delta": -87.25,
            "delta_pct": -0.285,
            "mean_60d": 30467.7792,
            "std_60d": 146.5603,
            "z_score": -1.021,
            "momentum": "up"
        },
        "YM": {
            "current": 51875.0,
            "prev": 51888.0,
            "delta": -13.0,
            "delta_pct": -0.025,
            "mean_60d": 52299.65,
            "std_60d": 231.4998,
            "z_score": -0.074,
            "momentum": "down"
        },
        "RTY": {
            "current": 2976.3,
            "prev": 2982.3999,
            "delta": -6.0999,
            "delta_pct": -0.205,
            "mean_60d": 2976.5383,
            "std_60d": 12.1008,
            "z_score": -0.647,
            "momentum": "up"
        },
        "NVDA": {
            "current": 210.23,
            "prev": 209.855,
            "delta": 0.375,
            "delta_pct": 0.179,
            "mean_60d": 206.6815,
            "std_60d": 3.314,
            "z_score": 0.213,
            "momentum": "up"
        },
        "TSLA": {
            "current": 400.43,
            "prev": 395.87,
            "delta": 4.56,
            "delta_pct": 1.152,
            "mean_60d": 398.523,
            "std_60d": 8.8664,
            "z_score": 1.176,
            "momentum": "up"
        },
        "DELL": {
            "current": 409.82,
            "prev": 416.14,
            "delta": -6.32,
            "delta_pct": -1.519,
            "mean_60d": 400.5836,
            "std_60d": 17.4894,
            "z_score": -0.987,
            "momentum": "up"
        },
        "SPCE": {
            "current": 3.56,
            "prev": 3.385,
            "delta": 0.175,
            "delta_pct": 5.17,
            "mean_60d": 4.1132,
            "std_60d": 0.7506,
            "z_score": 0.999,
            "momentum": "down"
        },
        "WTI": {
            "current": 75.26,
            "prev": 75.61,
            "delta": -0.35,
            "delta_pct": -0.463,
            "mean_60d": 75.1842,
            "std_60d": 0.7815,
            "z_score": -0.728,
            "momentum": "down"
        },
        "Brent": {
            "current": 79.17,
            "prev": 79.52,
            "delta": -0.35,
            "delta_pct": -0.44,
            "mean_60d": 78.9033,
            "std_60d": 0.7511,
            "z_score": -0.753,
            "momentum": "down"
        },
        "TTF": {
            "current": 40.735,
            "prev": 40.65,
            "delta": 0.085,
            "delta_pct": 0.209,
            "mean_60d": 44.9664,
            "std_60d": 3.7517,
            "z_score": 0.341,
            "momentum": "down"
        },
        "Gold": {
            "current": 4167.5,
            "prev": 4193.8999,
            "delta": -26.3999,
            "delta_pct": -0.629,
            "mean_60d": 4310.0584,
            "std_60d": 56.3498,
            "z_score": -1.337,
            "momentum": "down"
        },
        "Silver": {
            "current": 64.09,
            "prev": 64.66,
            "delta": -0.57,
            "delta_pct": -0.882,
            "mean_60d": 68.639,
            "std_60d": 1.9176,
            "z_score": -0.926,
            "momentum": "down"
        },
        "Copper": {
            "current": 6.304,
            "prev": 6.3285,
            "delta": -0.0245,
            "delta_pct": -0.387,
            "mean_60d": 6.4418,
            "std_60d": 0.0668,
            "z_score": -0.905,
            "momentum": "down"
        },
        "DXY": {
            "current": 100.949,
            "prev": 100.849,
            "delta": 0.1,
            "delta_pct": 0.099,
            "mean_60d": 100.1419,
            "std_60d": 0.536,
            "z_score": 0.788,
            "momentum": "up"
        },
        "EURUSD": {
            "current": 1.1473,
            "prev": 1.1481,
            "delta": -0.0008,
            "delta_pct": -0.069,
            "mean_60d": 1.1498,
            "std_60d": 0.0049,
            "z_score": -0.463,
            "momentum": "down"
        },
        "CHFUSD": {
            "current": 1.2401,
            "prev": 1.2399,
            "delta": 0.0002,
            "delta_pct": 0.012,
            "mean_60d": 1.2464,
            "std_60d": 0.0076,
            "z_score": 0.32,
            "momentum": "down"
        },
        "USDCAD": {
            "current": 1.4152,
            "prev": 1.4156,
            "delta": -0.0004,
            "delta_pct": -0.026,
            "mean_60d": 1.4118,
            "std_60d": 0.0046,
            "z_score": -0.576,
            "momentum": "up"
        },
        "VIX9D": {
            "current": 14.04,
            "prev": 14.59,